<?xml version="1.0" encoding="utf-8"?>
<edmx:Edmx Version="1.0" xmlns:edmx="http://schemas.microsoft.com/ado/2007/06/edmx" xmlns:m="http://schemas.microsoft.com/ado/2007/08/dataservices/metadata" xmlns:sap="http://www.sap.com/Protocols/SAPData">
    <edmx:Reference Uri="./sap/opu/odata/iwfnd/catalogservice;v=2/Vocabularies(TechnicalName='%2FIWBEP%2FVOC_AGGREGATION',Version='0001',SAP__Origin='')/$value" xmlns:edmx="http://docs.oasis-open.org/odata/ns/edmx">
        <edmx:Include Namespace="Org.OData.Aggregation.V1" Alias="Aggregation"/>
    </edmx:Reference>
    <edmx:Reference Uri="./sap/opu/odata/iwfnd/catalogservice;v=2/Vocabularies(TechnicalName='%2FIWBEP%2FVOC_ANALYTICS',Version='0001',SAP__Origin='')/$value" xmlns:edmx="http://docs.oasis-open.org/odata/ns/edmx">
        <edmx:Include Namespace="com.sap.vocabularies.Analytics.v1" Alias="Analytics"/>
    </edmx:Reference>
    <edmx:Reference Uri="./sap/opu/odata/iwfnd/catalogservice;v=2/Vocabularies(TechnicalName='%2FIWBEP%2FVOC_CAPABILITIES',Version='0001',SAP__Origin='')/$value" xmlns:edmx="http://docs.oasis-open.org/odata/ns/edmx">
        <edmx:Include Namespace="Org.OData.Capabilities.V1" Alias="Capabilities"/>
    </edmx:Reference>
    <edmx:Reference Uri="./sap/opu/odata/iwfnd/catalogservice;v=2/Vocabularies(TechnicalName='%2FIWBEP%2FVOC_CODELIST',Version='0001',SAP__Origin='')/$value" xmlns:edmx="http://docs.oasis-open.org/odata/ns/edmx">
        <edmx:Include Namespace="com.sap.vocabularies.CodeList.v1" Alias="SAP__CodeList"/>
    </edmx:Reference>
    <edmx:Reference Uri="./sap/opu/odata/iwfnd/catalogservice;v=2/Vocabularies(TechnicalName='%2FIWBEP%2FVOC_COMMON',Version='0001',SAP__Origin='')/$value" xmlns:edmx="http://docs.oasis-open.org/odata/ns/edmx">
        <edmx:Include Namespace="com.sap.vocabularies.Common.v1" Alias="Common"/>
        <edmx:Include Namespace="com.sap.vocabularies.Common.v1" Alias="SAP__common"/>
    </edmx:Reference>
    <edmx:Reference Uri="./sap/opu/odata/iwfnd/catalogservice;v=2/Vocabularies(TechnicalName='%2FIWBEP%2FVOC_COMMUNICATION',Version='0001',SAP__Origin='')/$value" xmlns:edmx="http://docs.oasis-open.org/odata/ns/edmx">
        <edmx:Include Namespace="com.sap.vocabularies.Communication.v1" Alias="Communication"/>
    </edmx:Reference>
    <edmx:Reference Uri="./sap/opu/odata/iwfnd/catalogservice;v=2/Vocabularies(TechnicalName='%2FIWBEP%2FVOC_CORE',Version='0001',SAP__Origin='')/$value" xmlns:edmx="http://docs.oasis-open.org/odata/ns/edmx">
        <edmx:Include Namespace="Org.OData.Core.V1" Alias="SAP__core"/>
    </edmx:Reference>
    <edmx:Reference Uri="./sap/opu/odata/iwfnd/catalogservice;v=2/Vocabularies(TechnicalName='%2FIWBEP%2FVOC_MEASURES',Version='0001',SAP__Origin='')/$value" xmlns:edmx="http://docs.oasis-open.org/odata/ns/edmx">
        <edmx:Include Namespace="Org.OData.Measures.V1" Alias="Measures"/>
    </edmx:Reference>
    <edmx:Reference Uri="./sap/opu/odata/iwfnd/catalogservice;v=2/Vocabularies(TechnicalName='%2FIWBEP%2FVOC_PDF',Version='0001',SAP__Origin='')/$value" xmlns:edmx="http://docs.oasis-open.org/odata/ns/edmx">
        <edmx:Include Namespace="com.sap.vocabularies.PDF.v1" Alias="SAP__PDF"/>
    </edmx:Reference>
    <edmx:Reference Uri="./sap/opu/odata/iwfnd/catalogservice;v=2/Vocabularies(TechnicalName='%2FIWBEP%2FVOC_PERSONALDATA',Version='0001',SAP__Origin='')/$value" xmlns:edmx="http://docs.oasis-open.org/odata/ns/edmx">
        <edmx:Include Namespace="com.sap.vocabularies.PersonalData.v1" Alias="PersonalData"/>
    </edmx:Reference>
    <edmx:Reference Uri="./sap/opu/odata/iwfnd/catalogservice;v=2/Vocabularies(TechnicalName='%2FIWBEP%2FVOC_UI',Version='0001',SAP__Origin='')/$value" xmlns:edmx="http://docs.oasis-open.org/odata/ns/edmx">
        <edmx:Include Namespace="com.sap.vocabularies.UI.v1" Alias="UI"/>
    </edmx:Reference>
    <edmx:Reference Uri="./sap/opu/odata/iwfnd/catalogservice;v=2/Vocabularies(TechnicalName='%2FIWBEP%2FVOC_VALIDATION',Version='0001',SAP__Origin='')/$value" xmlns:edmx="http://docs.oasis-open.org/odata/ns/edmx">
        <edmx:Include Namespace="Org.OData.Validation.V1" Alias="Validation"/>
    </edmx:Reference>
    <edmx:Reference Uri="./sap/opu/odata/iwfnd/catalogservice;v=2/Vocabularies(TechnicalName='SAP__SELF',Version='0001',SAP__Origin='')/$value" xmlns:edmx="http://docs.oasis-open.org/odata/ns/edmx">
        <edmx:Include Namespace="com.sap.vocabularies.PDF.v1" Alias="SAP__PDF"/>
    </edmx:Reference>
    <edmx:DataServices m:DataServiceVersion="2.0">
        <Schema Namespace="cds_ycae_srv_00010_01" xml:lang="en" sap:schema-version="1" xmlns="http://schemas.microsoft.com/ado/2008/09/edm">
            <Annotation Term="Core.SchemaVersion" String="1.0.0" xmlns="http://docs.oasis-open.org/odata/ns/edm"/>
            <EntityType Name="YCAE_CR_00010Type" sap:label="Fixed Rate Allocation Factor" sap:content-version="1">
                <Key>
                    <PropertyRef Name="Field_1"/>
                    <PropertyRef Name="Field_2"/>
                    <PropertyRef Name="Field_3"/>
                    <PropertyRef Name="Field_4"/>
                    <PropertyRef Name="Field_5"/>
                    <PropertyRef Name="Field_6"/>
                    <PropertyRef Name="Field_7"/>
                </Key>
                <Property Name="Delete_mc" Type="Edm.Boolean" sap:label="Dyn. Method Control" sap:creatable="false" sap:updatable="false" sap:sortable="false" sap:filterable="false"/>
                <Property Name="Update_mc" Type="Edm.Boolean" sap:label="Dyn. Method Control" sap:creatable="false" sap:updatable="false" sap:sortable="false" sap:filterable="false"/>
                <Property Name="Field_1" Type="Edm.String" Nullable="false" MaxLength="4" sap:display-format="NonNegative" sap:label="Fiscal Year"/>
                <Property Name="Field_2" Type="Edm.String" Nullable="false" MaxLength="6" sap:display-format="NonNegative" sap:label="Period"/>
                <Property Name="Field_3" Type="Edm.String" Nullable="false" MaxLength="4" sap:display-format="UpperCase" sap:label="Controlling Area"/>
                <Property Name="Field_4" Type="Edm.String" Nullable="false" MaxLength="4" sap:display-format="UpperCase" sap:label="Company Code"/>
                <Property Name="Field_5" Type="Edm.String" Nullable="false" MaxLength="4" sap:display-format="UpperCase" sap:label="Business Area"/>
                <Property Name="Field_6" Type="Edm.String" Nullable="false" MaxLength="10" sap:display-format="UpperCase" sap:label="Profit Center" sap:quickinfo="Division"/>
                <Property Name="Field_7" Type="Edm.String" Nullable="false" MaxLength="40" sap:display-format="UpperCase" sap:label="Material Number"/>
                <Property Name="Field_8" Type="Edm.String" MaxLength="40" sap:label="Material Description"/>
                <Property Name="Field_9" Type="Edm.String" MaxLength="5" sap:display-format="UpperCase" sap:label="Currency Type" sap:quickinfo="YAE_HWAERS" sap:semantics="currency-code"/>
                <Property Name="Field_10" Type="Edm.Decimal" Precision="24" Scale="3" sap:label="Former Previous Year Net Sales Amount" sap:quickinfo="YAE_FPY_NSALES"/>
                <Property Name="Field_11" Type="Edm.Decimal" Precision="24" Scale="3" sap:label="Previous Year Net Sales Amount" sap:quickinfo="YAE_PY_NSALES"/>
                <Property Name="Field_12" Type="Edm.Decimal" Precision="24" Scale="3" sap:label="Basic Plan Net Sales Amount" sap:quickinfo="YAE_BP_NSALE"/>
                <Property Name="Field_13" Type="Edm.Decimal" Precision="24" Scale="3" sap:label="Average of 3 Years Amount" sap:quickinfo="yae_3y_avg"/>
                <Property Name="Field_14" Type="Edm.Decimal" Precision="24" Scale="3" sap:label="Actual Net Sales Amount" sap:quickinfo="YAE_ACT_NSALES"/>
                <Property Name="CreatedBy" Type="Edm.String" MaxLength="12" sap:display-format="UpperCase" sap:label="Created By" sap:quickinfo="Created By User"/>
                <Property Name="CreatedAt" Type="Edm.DateTimeOffset" Precision="7" sap:label="Created On" sap:quickinfo="Creation Date Time"/>
                <Property Name="LastChangedBy" Type="Edm.String" MaxLength="12" sap:display-format="UpperCase" sap:label="Changed By" sap:quickinfo="Last Changed By User"/>
                <Property Name="LastChangedAt" Type="Edm.DateTimeOffset" Precision="7" sap:label="Changed On" sap:quickinfo="Last Change Date Time"/>
                <Property Name="LocalLastChangedBy" Type="Edm.String" MaxLength="12" sap:display-format="UpperCase" sap:label="Changed By" sap:quickinfo="Local Instance Last Changed By User"/>
                <Property Name="LocalLastChangedAt" Type="Edm.DateTimeOffset" Precision="7" sap:label="Changed On" sap:quickinfo="Local Instance Last Change Date Time"/>
                <Property Name="Rate_A" Type="Edm.Decimal" Precision="4" Scale="1" sap:sortable="false" sap:filterable="false"/>
                <Property Name="Rate_B" Type="Edm.Decimal" Precision="4" Scale="1" sap:sortable="false" sap:filterable="false"/>
                <Property Name="Diff_Rate" Type="Edm.Decimal" Precision="4" Scale="1" sap:sortable="false" sap:filterable="false"/>
                <Property Name="TotalFPY" Type="Edm.Decimal" Precision="25" Scale="3" sap:sortable="false" sap:filterable="false"/>
                <Property Name="TotalPY" Type="Edm.Decimal" Precision="25" Scale="3" sap:sortable="false" sap:filterable="false"/>
                <Property Name="TotalBP" Type="Edm.Decimal" Precision="25" Scale="3" sap:sortable="false" sap:filterable="false"/>
                <Property Name="Total3Y" Type="Edm.Decimal" Precision="25" Scale="3" sap:sortable="false" sap:filterable="false"/>
                <Property Name="TotalAct" Type="Edm.Decimal" Precision="25" Scale="3" sap:sortable="false" sap:filterable="false"/>
            </EntityType>
            <EntityType Name="YCAE_CR_00010_EXCELType" sap:label="Fixed Rate Allocation Factor" sap:content-version="1">
                <Key>
                    <PropertyRef Name="attachuuid"/>
                    <PropertyRef Name="Field_1"/>
                    <PropertyRef Name="Field_2"/>
                    <PropertyRef Name="Field_3"/>
                    <PropertyRef Name="Field_4"/>
                    <PropertyRef Name="Field_5"/>
                    <PropertyRef Name="Field_6"/>
                    <PropertyRef Name="Field_7"/>
                </Key>
                <Property Name="attachuuid" Type="Edm.Guid" Nullable="false"/>
                <Property Name="Field_1" Type="Edm.String" Nullable="false" MaxLength="4" sap:display-format="NonNegative" sap:label="Fiscal Year"/>
                <Property Name="Field_2" Type="Edm.String" Nullable="false" MaxLength="6" sap:display-format="NonNegative" sap:label="Period"/>
                <Property Name="Field_3" Type="Edm.String" Nullable="false" MaxLength="4" sap:display-format="UpperCase" sap:label="Controlling Area"/>
                <Property Name="Field_4" Type="Edm.String" Nullable="false" MaxLength="4" sap:display-format="UpperCase" sap:label="Company Code"/>
                <Property Name="Field_5" Type="Edm.String" Nullable="false" MaxLength="4" sap:display-format="UpperCase" sap:label="Business Area"/>
                <Property Name="Field_6" Type="Edm.String" Nullable="false" MaxLength="10" sap:display-format="UpperCase" sap:label="Profit Center" sap:quickinfo="Division"/>
                <Property Name="Field_7" Type="Edm.String" Nullable="false" MaxLength="40" sap:display-format="UpperCase" sap:label="Material Number"/>
                <Property Name="Field_8" Type="Edm.String" MaxLength="40" sap:label="Material Description"/>
                <Property Name="Field_9" Type="Edm.String" MaxLength="5" sap:display-format="UpperCase" sap:label="Currency Type" sap:quickinfo="YAE_HWAERS" sap:semantics="currency-code"/>
                <Property Name="Field_10" Type="Edm.Decimal" Precision="24" Scale="3" sap:label="Former Previous Year Net Sales Amount" sap:quickinfo="YAE_FPY_NSALES"/>
                <Property Name="Field_11" Type="Edm.Decimal" Precision="24" Scale="3" sap:label="Previous Year Net Sales Amount" sap:quickinfo="YAE_PY_NSALES"/>
                <Property Name="Field_12" Type="Edm.Decimal" Precision="24" Scale="3" sap:label="Basic Plan Net Sales Amount" sap:quickinfo="YAE_BP_NSALE"/>
                <Property Name="Field_13" Type="Edm.Decimal" Precision="24" Scale="3" sap:label="Average of 3 Years Amount" sap:quickinfo="yae_3y_avg"/>
                <Property Name="Field_14" Type="Edm.Decimal" Precision="24" Scale="3" sap:label="Actual Net Sales Amount" sap:quickinfo="YAE_ACT_NSALES"/>
                <Property Name="SrvName" Type="Edm.String" MaxLength="40"/>
                <Property Name="message" Type="Edm.String" MaxLength="225"/>
                <Property Name="import_status" Type="Edm.String" MaxLength="2"/>
            </EntityType>
            <EntityType Name="SAP__Currency" sap:content-version="1">
                <Key>
                    <PropertyRef Name="CurrencyCode"/>
                </Key>
                <Property Name="CurrencyCode" Type="Edm.String" Nullable="false" MaxLength="5" sap:label="Currency" sap:semantics="currency-code"/>
                <Property Name="ISOCode" Type="Edm.String" Nullable="false" MaxLength="3" sap:label="ISO code"/>
                <Property Name="Text" Type="Edm.String" Nullable="false" MaxLength="15" sap:label="Short text"/>
                <Property Name="DecimalPlaces" Type="Edm.Byte" Nullable="false" sap:label="Decimals"/>
            </EntityType>
            <EntityType Name="SAP__UnitOfMeasure" sap:content-version="1">
                <Key>
                    <PropertyRef Name="UnitCode"/>
                </Key>
                <Property Name="UnitCode" Type="Edm.String" Nullable="false" MaxLength="3" sap:label="Internal UoM" sap:semantics="unit-of-measure"/>
                <Property Name="ISOCode" Type="Edm.String" Nullable="false" MaxLength="3" sap:label="ISO Code"/>
                <Property Name="ExternalCode" Type="Edm.String" Nullable="false" MaxLength="3" sap:label="Commercial"/>
                <Property Name="Text" Type="Edm.String" Nullable="false" MaxLength="30" sap:label="Measurement Unit Txt"/>
                <Property Name="DecimalPlaces" Type="Edm.Int16" sap:label="Decimal Places"/>
            </EntityType>
            <EntityType Name="SAP__DocumentDescription" sap:content-version="1">
                <Key>
                    <PropertyRef Name="Id"/>
                </Key>
                <Property Name="Id" Type="Edm.Guid" Nullable="false" sap:label="UUID"/>
                <Property Name="CreatedBy" Type="Edm.String" Nullable="false" MaxLength="12"/>
                <Property Name="CreatedAt" Type="Edm.DateTime" Nullable="false" Precision="0" sap:label="Time Stamp"/>
                <Property Name="FileName" Type="Edm.String" Nullable="false" MaxLength="256"/>
                <Property Name="Title" Type="Edm.String" Nullable="false" MaxLength="256"/>
                <NavigationProperty Name="Format" Relationship="cds_ycae_srv_00010_01.to_format" FromRole="FromRole_to_format" ToRole="ToRole_to_format"/>
                <NavigationProperty Name="TableColumns" Relationship="cds_ycae_srv_00010_01.to_tablecolumns" FromRole="FromRole_to_tablecolumns" ToRole="ToRole_to_tablecolumns"/>
                <NavigationProperty Name="CoverPage" Relationship="cds_ycae_srv_00010_01.to_coverpage" FromRole="FromRole_to_coverpage" ToRole="ToRole_to_coverpage"/>
                <NavigationProperty Name="Signature" Relationship="cds_ycae_srv_00010_01.to_signature" FromRole="FromRole_to_signature" ToRole="ToRole_to_signature"/>
                <NavigationProperty Name="PDFStandard" Relationship="cds_ycae_srv_00010_01.to_pdfstandard" FromRole="FromRole_to_pdfstandard" ToRole="ToRole_to_pdfstandard"/>
            </EntityType>
            <EntityType Name="SAP__Format" sap:content-version="1">
                <Key>
                    <PropertyRef Name="Id"/>
                </Key>
                <Property Name="FitToPage" Type="cds_ycae_srv_00010_01.SAP__FitToPage" Nullable="false"/>
                <Property Name="Id" Type="Edm.Guid" Nullable="false" sap:label="UUID" sap:creatable="false" sap:updatable="false" sap:sortable="false" sap:filterable="false"/>
                <Property Name="FontSize" Type="Edm.Int32" Nullable="false" sap:creatable="false" sap:updatable="false" sap:sortable="false" sap:filterable="false"/>
                <Property Name="Orientation" Type="Edm.String" Nullable="false" MaxLength="10" sap:creatable="false" sap:updatable="false" sap:sortable="false" sap:filterable="false"/>
                <Property Name="PaperSize" Type="Edm.String" Nullable="false" MaxLength="10" sap:creatable="false" sap:updatable="false" sap:sortable="false" sap:filterable="false"/>
                <Property Name="BorderSize" Type="Edm.Int32" Nullable="false" sap:creatable="false" sap:updatable="false" sap:sortable="false" sap:filterable="false"/>
                <Property Name="MarginSize" Type="Edm.Int32" Nullable="false" sap:creatable="false" sap:updatable="false" sap:sortable="false" sap:filterable="false"/>
                <Property Name="FontName" Type="Edm.String" Nullable="false" MaxLength="255" sap:label="Font Name" sap:creatable="false" sap:updatable="false" sap:sortable="false" sap:filterable="false"/>
            </EntityType>
            <EntityType Name="SAP__PDFStandard" sap:content-version="1">
                <Key>
                    <PropertyRef Name="Id"/>
                </Key>
                <Property Name="Id" Type="Edm.Guid" Nullable="false" sap:label="UUID" sap:creatable="false" sap:updatable="false" sap:sortable="false" sap:filterable="false"/>
                <Property Name="UsePDFAConformance" Type="Edm.Boolean" Nullable="false" sap:creatable="false" sap:updatable="false" sap:sortable="false" sap:filterable="false"/>
                <Property Name="DoEnableAccessibility" Type="Edm.Boolean" Nullable="false" sap:label="Indicator" sap:creatable="false" sap:updatable="false" sap:sortable="false" sap:filterable="false"/>
            </EntityType>
            <EntityType Name="SAP__TableColumns" sap:content-version="1">
                <Key>
                    <PropertyRef Name="Id"/>
                    <PropertyRef Name="Name"/>
                    <PropertyRef Name="Header"/>
                </Key>
                <Property Name="Id" Type="Edm.Guid" Nullable="false" sap:label="UUID" sap:creatable="false" sap:updatable="false" sap:sortable="false" sap:filterable="false"/>
                <Property Name="Name" Type="Edm.String" Nullable="false" MaxLength="256" sap:creatable="false" sap:updatable="false" sap:sortable="false" sap:filterable="false"/>
                <Property Name="Header" Type="Edm.String" Nullable="false" MaxLength="256" sap:creatable="false" sap:updatable="false" sap:sortable="false" sap:filterable="false"/>
                <Property Name="HorizontalAlignment" Type="Edm.String" Nullable="false" MaxLength="10" sap:creatable="false" sap:updatable="false" sap:sortable="false" sap:filterable="false"/>
            </EntityType>
            <EntityType Name="SAP__CoverPage" sap:content-version="1">
                <Key>
                    <PropertyRef Name="Title"/>
                    <PropertyRef Name="Id"/>
                    <PropertyRef Name="Name"/>
                </Key>
                <Property Name="Title" Type="Edm.String" Nullable="false" MaxLength="256" sap:creatable="false" sap:updatable="false" sap:sortable="false" sap:filterable="false"/>
                <Property Name="Id" Type="Edm.Guid" Nullable="false" sap:label="UUID" sap:creatable="false" sap:updatable="false" sap:sortable="false" sap:filterable="false"/>
                <Property Name="Name" Type="Edm.String" Nullable="false" MaxLength="256" sap:creatable="false" sap:updatable="false" sap:sortable="false" sap:filterable="false"/>
                <Property Name="Value" Type="Edm.String" Nullable="false" MaxLength="256" sap:creatable="false" sap:updatable="false" sap:sortable="false" sap:filterable="false"/>
            </EntityType>
            <EntityType Name="SAP__Signature" sap:content-version="1">
                <Key>
                    <PropertyRef Name="Id"/>
                </Key>
                <Property Name="Id" Type="Edm.Guid" Nullable="false" sap:label="UUID" sap:creatable="false" sap:updatable="false" sap:sortable="false" sap:filterable="false"/>
                <Property Name="DoSign" Type="Edm.Boolean" Nullable="false" sap:label="Indicator" sap:creatable="false" sap:updatable="false" sap:sortable="false" sap:filterable="false"/>
                <Property Name="Reason" Type="Edm.String" Nullable="false" MaxLength="256" sap:creatable="false" sap:updatable="false" sap:sortable="false" sap:filterable="false"/>
            </EntityType>
            <EntityType Name="SAP__ValueHelp" sap:content-version="1">
                <Key>
                    <PropertyRef Name="VALUEHELP"/>
                </Key>
                <Property Name="VALUEHELP" Type="Edm.String" Nullable="false"/>
                <Property Name="FIELD_VALUE" Type="Edm.String" Nullable="false" MaxLength="10"/>
                <Property Name="DESCRIPTION" Type="Edm.String"/>
            </EntityType>
            <ComplexType Name="SAP__FitToPage">
                <Property Name="ErrorRecoveryBehavior" Type="Edm.String" Nullable="false" MaxLength="8" sap:label="Error behavior" sap:creatable="false" sap:updatable="false" sap:sortable="false" sap:filterable="false"/>
                <Property Name="IsEnabled" Type="Edm.Boolean" Nullable="false" sap:creatable="false" sap:updatable="false" sap:sortable="false" sap:filterable="false"/>
                <Property Name="MinimumFontSize" Type="Edm.Int32" Nullable="false" sap:creatable="false" sap:updatable="false" sap:sortable="false" sap:filterable="false"/>
            </ComplexType>
            <Association Name="to_format" sap:content-version="1">
                <End Type="cds_ycae_srv_00010_01.SAP__DocumentDescription" Multiplicity="1" Role="FromRole_to_format"/>
                <End Type="cds_ycae_srv_00010_01.SAP__Format" Multiplicity="1" Role="ToRole_to_format"/>
                <ReferentialConstraint>
                    <Principal Role="FromRole_to_format">
                        <PropertyRef Name="Id"/>
                    </Principal>
                    <Dependent Role="ToRole_to_format">
                        <PropertyRef Name="Id"/>
                    </Dependent>
                </ReferentialConstraint>
            </Association>
            <Association Name="to_tablecolumns" sap:content-version="1">
                <End Type="cds_ycae_srv_00010_01.SAP__DocumentDescription" Multiplicity="1" Role="FromRole_to_tablecolumns"/>
                <End Type="cds_ycae_srv_00010_01.SAP__TableColumns" Multiplicity="*" Role="ToRole_to_tablecolumns"/>
                <ReferentialConstraint>
                    <Principal Role="FromRole_to_tablecolumns">
                        <PropertyRef Name="Id"/>
                    </Principal>
                    <Dependent Role="ToRole_to_tablecolumns">
                        <PropertyRef Name="Id"/>
                    </Dependent>
                </ReferentialConstraint>
            </Association>
            <Association Name="to_coverpage" sap:content-version="1">
                <End Type="cds_ycae_srv_00010_01.SAP__DocumentDescription" Multiplicity="1" Role="FromRole_to_coverpage"/>
                <End Type="cds_ycae_srv_00010_01.SAP__CoverPage" Multiplicity="*" Role="ToRole_to_coverpage"/>
                <ReferentialConstraint>
                    <Principal Role="FromRole_to_coverpage">
                        <PropertyRef Name="Id"/>
                    </Principal>
                    <Dependent Role="ToRole_to_coverpage">
                        <PropertyRef Name="Id"/>
                    </Dependent>
                </ReferentialConstraint>
            </Association>
            <Association Name="to_signature" sap:content-version="1">
                <End Type="cds_ycae_srv_00010_01.SAP__DocumentDescription" Multiplicity="1" Role="FromRole_to_signature"/>
                <End Type="cds_ycae_srv_00010_01.SAP__Signature" Multiplicity="1" Role="ToRole_to_signature"/>
                <ReferentialConstraint>
                    <Principal Role="FromRole_to_signature">
                        <PropertyRef Name="Id"/>
                    </Principal>
                    <Dependent Role="ToRole_to_signature">
                        <PropertyRef Name="Id"/>
                    </Dependent>
                </ReferentialConstraint>
            </Association>
            <Association Name="to_pdfstandard" sap:content-version="1">
                <End Type="cds_ycae_srv_00010_01.SAP__DocumentDescription" Multiplicity="1" Role="FromRole_to_pdfstandard"/>
                <End Type="cds_ycae_srv_00010_01.SAP__PDFStandard" Multiplicity="1" Role="ToRole_to_pdfstandard"/>
                <ReferentialConstraint>
                    <Principal Role="FromRole_to_pdfstandard">
                        <PropertyRef Name="Id"/>
                    </Principal>
                    <Dependent Role="ToRole_to_pdfstandard">
                        <PropertyRef Name="Id"/>
                    </Dependent>
                </ReferentialConstraint>
            </Association>
            <EntityContainer Name="cds_ycae_srv_00010_01_Entities" m:IsDefaultEntityContainer="true" sap:message-scope-supported="true" sap:supported-formats="atom json xlsx pdf">
                <EntitySet Name="SAP__FormatSet" EntityType="cds_ycae_srv_00010_01.SAP__Format" sap:creatable="false" sap:updatable="false" sap:deletable="false" sap:pageable="false" sap:addressable="false" sap:content-version="1"/>
                <EntitySet Name="SAP__PDFStandardSet" EntityType="cds_ycae_srv_00010_01.SAP__PDFStandard" sap:creatable="false" sap:updatable="false" sap:deletable="false" sap:pageable="false" sap:addressable="false" sap:content-version="1"/>
                <EntitySet Name="SAP__TableColumnsSet" EntityType="cds_ycae_srv_00010_01.SAP__TableColumns" sap:creatable="false" sap:updatable="false" sap:deletable="false" sap:pageable="false" sap:addressable="false" sap:content-version="1"/>
                <EntitySet Name="SAP__CoverPageSet" EntityType="cds_ycae_srv_00010_01.SAP__CoverPage" sap:creatable="false" sap:updatable="false" sap:deletable="false" sap:pageable="false" sap:addressable="false" sap:content-version="1"/>
                <EntitySet Name="SAP__SignatureSet" EntityType="cds_ycae_srv_00010_01.SAP__Signature" sap:creatable="false" sap:updatable="false" sap:deletable="false" sap:pageable="false" sap:addressable="false" sap:content-version="1"/>
                <EntitySet Name="SAP__ValueHelpSet" EntityType="cds_ycae_srv_00010_01.SAP__ValueHelp" sap:content-version="1"/>
                <EntitySet Name="YCAE_CR_00010" EntityType="cds_ycae_srv_00010_01.YCAE_CR_00010Type" sap:searchable="true" sap:content-version="1" sap:deletable-path="Delete_mc" sap:updatable-path="Update_mc"/>
                <EntitySet Name="YCAE_CR_00010_EXCEL" EntityType="cds_ycae_srv_00010_01.YCAE_CR_00010_EXCELType" sap:creatable="false" sap:updatable="false" sap:deletable="false" sap:content-version="1"/>
                <EntitySet Name="SAP__Currencies" EntityType="cds_ycae_srv_00010_01.SAP__Currency" sap:content-version="1"/>
                <EntitySet Name="SAP__UnitsOfMeasure" EntityType="cds_ycae_srv_00010_01.SAP__UnitOfMeasure" sap:content-version="1"/>
                <EntitySet Name="SAP__MyDocumentDescriptions" EntityType="cds_ycae_srv_00010_01.SAP__DocumentDescription" sap:content-version="1"/>
                <AssociationSet Name="to_formatSet" Association="cds_ycae_srv_00010_01.to_format" sap:creatable="false" sap:updatable="false" sap:deletable="false" sap:content-version="1">
                    <End EntitySet="SAP__MyDocumentDescriptions" Role="FromRole_to_format"/>
                    <End EntitySet="SAP__FormatSet" Role="ToRole_to_format"/>
                </AssociationSet>
                <AssociationSet Name="to_pdfstandardSet" Association="cds_ycae_srv_00010_01.to_pdfstandard" sap:creatable="false" sap:updatable="false" sap:deletable="false" sap:content-version="1">
                    <End EntitySet="SAP__MyDocumentDescriptions" Role="FromRole_to_pdfstandard"/>
                    <End EntitySet="SAP__PDFStandardSet" Role="ToRole_to_pdfstandard"/>
                </AssociationSet>
                <AssociationSet Name="to_tablecolumnsSet" Association="cds_ycae_srv_00010_01.to_tablecolumns" sap:creatable="false" sap:updatable="false" sap:deletable="false" sap:content-version="1">
                    <End EntitySet="SAP__MyDocumentDescriptions" Role="FromRole_to_tablecolumns"/>
                    <End EntitySet="SAP__TableColumnsSet" Role="ToRole_to_tablecolumns"/>
                </AssociationSet>
                <AssociationSet Name="to_signatureSet" Association="cds_ycae_srv_00010_01.to_signature" sap:creatable="false" sap:updatable="false" sap:deletable="false" sap:content-version="1">
                    <End EntitySet="SAP__MyDocumentDescriptions" Role="FromRole_to_signature"/>
                    <End EntitySet="SAP__SignatureSet" Role="ToRole_to_signature"/>
                </AssociationSet>
                <AssociationSet Name="to_coverpageSet" Association="cds_ycae_srv_00010_01.to_coverpage" sap:creatable="false" sap:updatable="false" sap:deletable="false" sap:content-version="1">
                    <End EntitySet="SAP__MyDocumentDescriptions" Role="FromRole_to_coverpage"/>
                    <End EntitySet="SAP__CoverPageSet" Role="ToRole_to_coverpage"/>
                </AssociationSet>
            </EntityContainer>
            <Annotations Target="cds_ycae_srv_00010_01.cds_ycae_srv_00010_01_Entities" xmlns="http://docs.oasis-open.org/odata/ns/edm">
                <Annotation Term="Common.ApplyMultiUnitBehaviorForSortingAndFiltering" Bool="true"/>
            </Annotations>
            <Annotations Target="cds_ycae_srv_00010_01.cds_ycae_srv_00010_01_Entities/YCAE_CR_00010" xmlns="http://docs.oasis-open.org/odata/ns/edm">
                <Annotation Term="Capabilities.FilterRestrictions">
                    <Record>
                        <PropertyValue Property="NonFilterableProperties">
                            <Collection>
                                <PropertyPath>Delete_mc</PropertyPath>
                                <PropertyPath>Update_mc</PropertyPath>
                                <PropertyPath>Rate_A</PropertyPath>
                                <PropertyPath>Rate_B</PropertyPath>
                                <PropertyPath>Diff_Rate</PropertyPath>
                                <PropertyPath>TotalFPY</PropertyPath>
                                <PropertyPath>TotalPY</PropertyPath>
                                <PropertyPath>TotalBP</PropertyPath>
                                <PropertyPath>Total3Y</PropertyPath>
                                <PropertyPath>TotalAct</PropertyPath>
                            </Collection>
                        </PropertyValue>
                    </Record>
                </Annotation>
                <Annotation Term="SAP__core.OptimisticConcurrency">
                    <Collection/>
                </Annotation>
                <Annotation Term="Capabilities.SortRestrictions">
                    <Record>
                        <PropertyValue Property="NonSortableProperties">
                            <Collection>
                                <PropertyPath>Delete_mc</PropertyPath>
                                <PropertyPath>Update_mc</PropertyPath>
                                <PropertyPath>Rate_A</PropertyPath>
                                <PropertyPath>Rate_B</PropertyPath>
                                <PropertyPath>Diff_Rate</PropertyPath>
                                <PropertyPath>TotalFPY</PropertyPath>
                                <PropertyPath>TotalPY</PropertyPath>
                                <PropertyPath>TotalBP</PropertyPath>
                                <PropertyPath>Total3Y</PropertyPath>
                                <PropertyPath>TotalAct</PropertyPath>
                            </Collection>
                        </PropertyValue>
                    </Record>
                </Annotation>
            </Annotations>
            <Annotations Target="cds_ycae_srv_00010_01.cds_ycae_srv_00010_01_Entities" xmlns="http://docs.oasis-open.org/odata/ns/edm">
                <Annotation Term="Org.OData.Capabilities.V1.BatchSupport">
                    <Record Type="Org.OData.Capabilities.V1.BatchSupportType">
                        <PropertyValue Property="ReferencesAcrossChangeSetsSupported" Bool="true"/>
                    </Record>
                </Annotation>
                <Annotation Term="SAP__CodeList.CurrencyCodes">
                    <Record>
                        <PropertyValue Property="Url" String="./$metadata"/>
                        <PropertyValue Property="CollectionPath" String="SAP__Currencies"/>
                    </Record>
                </Annotation>
                <Annotation Term="SAP__CodeList.UnitsOfMeasure">
                    <Record>
                        <PropertyValue Property="Url" String="./$metadata"/>
                        <PropertyValue Property="CollectionPath" String="SAP__UnitsOfMeasure"/>
                    </Record>
                </Annotation>
                <Annotation Term="SAP__PDF.Features">
                    <Record>
                        <PropertyValue Property="DocumentDescriptionReference" String="./$metadata"/>
                        <PropertyValue Property="DocumentDescriptionCollection" String="SAP__MyDocumentDescriptions"/>
                        <PropertyValue Property="ArchiveFormat" Bool="true"/>
                        <PropertyValue Property="CoverPage" Bool="true"/>
                        <PropertyValue Property="Signature" Bool="true"/>
                        <PropertyValue Property="FitToPage" Bool="true"/>
                        <PropertyValue Property="FontName" Bool="true"/>
                        <PropertyValue Property="FontSize" Bool="true"/>
                        <PropertyValue Property="Margin" Bool="true"/>
                        <PropertyValue Property="Border" Bool="true"/>
                        <PropertyValue Property="ResultSizeDefault" Int="20000"/>
                        <PropertyValue Property="ResultSizeMaximum" Int="20000"/>
                    </Record>
                </Annotation>
                <Annotation Term="SAP__CodeList.SAP__DocumentDescription">
                    <Record>
                        <PropertyValue Property="Url" String="./$metadata"/>
                        <PropertyValue Property="CollectionPath" String="SAP__MyDocumentDescriptions"/>
                    </Record>
                </Annotation>
            </Annotations>
            <Annotations Target="cds_ycae_srv_00010_01.SAP__Currency/CurrencyCode" xmlns="http://docs.oasis-open.org/odata/ns/edm">
                <Annotation Term="SAP__common.Text" Path="Text"/>
                <Annotation Term="SAP__common.UnitSpecificScale" Path="DecimalPlaces"/>
                <Annotation Term="SAP__CodeList.StandardCode" Path="ISOCode"/>
            </Annotations>
            <Annotations Target="cds_ycae_srv_00010_01.SAP__UnitOfMeasure/UnitCode" xmlns="http://docs.oasis-open.org/odata/ns/edm">
                <Annotation Term="SAP__common.Text" Path="Text"/>
                <Annotation Term="SAP__common.UnitSpecificScale" Path="DecimalPlaces"/>
                <Annotation Term="SAP__CodeList.StandardCode" Path="ISOCode"/>
                <Annotation Term="SAP__CodeList.ExternalCode" Path="ExternalCode"/>
            </Annotations>
            <Annotations Target="cds_ycae_srv_00010_01.SAP__UnitOfMeasure" xmlns="http://docs.oasis-open.org/odata/ns/edm">
                <Annotation Term="SAP__core.AlternateKeys">
                    <Collection>
                        <Record>
                            <PropertyValue Property="Key">
                                <Collection>
                                    <Record>
                                        <PropertyValue Property="Name" Path="ExternalCode"/>
                                        <PropertyValue Property="Alias" String="ExternalCode"/>
                                    </Record>
                                </Collection>
                            </PropertyValue>
                        </Record>
                    </Collection>
                </Annotation>
            </Annotations>
            <Annotations Target="cds_ycae_srv_00010_01.SAP__DocumentDescription/CreatedBy" xmlns="http://docs.oasis-open.org/odata/ns/edm">
                <Annotation Term="SAP__core.Computed"/>
            </Annotations>
            <Annotations Target="cds_ycae_srv_00010_01.SAP__DocumentDescription/CreatedAt" xmlns="http://docs.oasis-open.org/odata/ns/edm">
                <Annotation Term="SAP__core.Computed"/>
            </Annotations>
            <Annotations Target="cds_ycae_srv_00010_01.SAP__DocumentDescription" xmlns="http://docs.oasis-open.org/odata/ns/edm">
                <Annotation Term="SAP__capabilties.InsertRestrictions">
                    <Record>
                        <PropertyValue Property="Insertable" Bool="false"/>
                    </Record>
                </Annotation>
                <Annotation Term="SAP__capabilties.UpdateRestrictions">
                    <Record>
                        <PropertyValue Property="Updatable" Bool="false"/>
                        <PropertyValue Property="QueryOptions">
                            <Record>
                                <PropertyValue Property="SelectSupported" Bool="true"/>
                            </Record>
                        </PropertyValue>
                    </Record>
                </Annotation>
                <Annotation Term="SAP__capabilties.DeleteRestrictions">
                    <Record>
                        <PropertyValue Property="Deletable" Bool="false"/>
                    </Record>
                </Annotation>
                <Annotation Term="SAP__capabilties.FilterRestrictions">
                    <Record>
                        <PropertyValue Property="FilterExpressionRestrictions">
                            <Collection>
                                <Record>
                                    <PropertyValue Property="Property" PropertyPath="Format/Orientation"/>
                                    <PropertyValue Property="AllowedExpressions" String="Multivalue"/>
                                </Record>
                                <Record>
                                    <PropertyValue Property="Property" PropertyPath="Format/PaperSize"/>
                                    <PropertyValue Property="AllowedExpressions" String="Multivalue"/>
                                </Record>
                            </Collection>
                        </PropertyValue>
                    </Record>
                </Annotation>
            </Annotations>
            <Annotations Target="cds_ycae_srv_00010_01.SAP__Format/FitToPage/ErrorRecoveryBehavior" xmlns="http://docs.oasis-open.org/odata/ns/edm">
                <Annotation Term="SAP__common.ValueListReferences">
                    <Record>
                        <PropertyValue Property="Url" String="./$metadata"/>
                        <PropertyValue Property="CollectionPath" String="../../../../SAP__ValueHelpSet?$filter=VALUEHELP%20eq%20%27ErrorRecoveryBehaviour%27"/>
                    </Record>
                </Annotation>
                <Annotation Term="SAP__common.ValueListWithFixedValues"/>
            </Annotations>
            <Annotations Target="cds_ycae_srv_00010_01.SAP__Format/FontName" xmlns="http://docs.oasis-open.org/odata/ns/edm">
                <Annotation Term="SAP__common.ValueListReferences">
                    <Record>
                        <PropertyValue Property="Url" String="./$metadata"/>
                        <PropertyValue Property="CollectionPath" String="SAP__ValueHelpSet?$filter=VALUEHELP%20eq%20%27FontName%27"/>
                    </Record>
                </Annotation>
                <Annotation Term="SAP__common.ValueListWithFixedValues"/>
            </Annotations>
            <Annotations Target="cds_ycae_srv_00010_01.SAP__Format/PaperSize" xmlns="http://docs.oasis-open.org/odata/ns/edm">
                <Annotation Term="SAP__common.ValueListReferences">
                    <Record>
                        <PropertyValue Property="Url" String="./$metadata"/>
                        <PropertyValue Property="CollectionPath" String="SAP__ValueHelpSet?$filter=VALUEHELP%20eq%20%27PaperSize%27"/>
                    </Record>
                </Annotation>
                <Annotation Term="SAP__common.ValueListWithFixedValues"/>
            </Annotations>
            <Annotations Target="cds_ycae_srv_00010_01.SAP__Format/Orientation" xmlns="http://docs.oasis-open.org/odata/ns/edm">
                <Annotation Term="SAP__common.ValueListReferences">
                    <Record>
                        <PropertyValue Property="Url" String="./$metadata"/>
                        <PropertyValue Property="CollectionPath" String="SAP__ValueHelpSet?$filter=VALUEHELP%20eq%20%27FontName%27"/>
                    </Record>
                </Annotation>
                <Annotation Term="SAP__common.ValueListWithFixedValues"/>
            </Annotations>
            <Annotations Target="cds_ycae_srv_00010_01.SAP__TableColumns/HorizontalAlignment" xmlns="http://docs.oasis-open.org/odata/ns/edm">
                <Annotation Term="SAP__common.ValueListReferences">
                    <Record>
                        <PropertyValue Property="Url" String="./$metadata"/>
                        <PropertyValue Property="CollectionPath" String="SAP__ValueHelpSet?$filter=VALUEHELP%20eq%20%27HorizontalAlignment%27"/>
                    </Record>
                </Annotation>
                <Annotation Term="SAP__common.ValueListWithFixedValues"/>
            </Annotations>
            <atom:link rel="self" href="https://vhbtnws1wd01.sap.pre.lge.com:44380/sap/opu/odata/sap/YCAE_SRV_00010_01_UI2_V2/$metadata" xmlns:atom="http://www.w3.org/2005/Atom"/>
            <atom:link rel="latest-version" href="https://vhbtnws1wd01.sap.pre.lge.com:44380/sap/opu/odata/sap/YCAE_SRV_00010_01_UI2_V2/$metadata" xmlns:atom="http://www.w3.org/2005/Atom"/>
        </Schema>
    </edmx:DataServices>
</edmx:Edmx>