<?xml version="1.0" encoding="utf-8"?>
<edmx:Edmx Version="1.0" xmlns:edmx="http://schemas.microsoft.com/ado/2007/06/edmx" xmlns:m="http://schemas.microsoft.com/ado/2007/08/dataservices/metadata" xmlns:sap="http://www.sap.com/Protocols/SAPData">
    <edmx:DataServices m:DataServiceVersion="2.0">
        <Schema Namespace="ZGWCAA00020_SRV" xml:lang="en" sap:schema-version="1" xmlns="http://schemas.microsoft.com/ado/2008/09/edm">
            <Annotation Term="Core.SchemaVersion" String="1.0.0" xmlns="http://docs.oasis-open.org/odata/ns/edm"/>
            <EntityType Name="NodeList" sap:content-version="1">
                <Key>
                    <PropertyRef Name="NodeId"/>
                    <PropertyRef Name="Version"/>
                </Key>
                <Property Name="NodeId" Type="Edm.String" Nullable="false" MaxLength="32" sap:hierarchy-node-for="NodeId" sap:unicode="false" sap:label="Node ID" sap:creatable="false" sap:updatable="false" sap:sortable="false" sap:filterable="false"/>
                <Property Name="Version" Type="Edm.String" Nullable="false" MaxLength="20" sap:unicode="false" sap:label="Version" sap:creatable="false" sap:updatable="false" sap:sortable="false" sap:filterable="false"/>
                <Property Name="Zsort" Type="Edm.Int32" Nullable="false" sap:unicode="false" sap:label="Sort order" sap:creatable="false" sap:updatable="false" sap:sortable="false" sap:filterable="false"/>
                <Property Name="PnodeId" Type="Edm.String" Nullable="false" MaxLength="32" sap:hierarchy-parent-node-for="PnodeId" sap:unicode="false" sap:label="Parent Node ID" sap:creatable="false" sap:updatable="false" sap:sortable="false" sap:filterable="false"/>
                <Property Name="Zlevel" Type="Edm.String" Nullable="false" MaxLength="2" sap:hierarchy-level-for="Zlevel" sap:unicode="false" sap:label="ZLEVEL" sap:creatable="false" sap:updatable="false" sap:sortable="false" sap:filterable="false"/>
                <Property Name="NodeType" Type="Edm.String" Nullable="false" MaxLength="15" sap:hierarchy-drill-state-for="NodeType" sap:unicode="false" sap:label="Node Type" sap:creatable="false" sap:updatable="false" sap:sortable="false" sap:filterable="false"/>
                <Property Name="Title" Type="Edm.String" Nullable="false" sap:unicode="false" sap:label="Title" sap:creatable="false" sap:updatable="false" sap:sortable="false" sap:filterable="false"/>
                <Property Name="Erdat" Type="Edm.DateTime" Nullable="false" Precision="0" sap:unicode="false" sap:label="Created on" sap:creatable="false" sap:updatable="false" sap:sortable="false" sap:filterable="false"/>
                <Property Name="Erzet" Type="Edm.Time" Nullable="false" Precision="0" sap:unicode="false" sap:label="Time" sap:creatable="false" sap:updatable="false" sap:sortable="false" sap:filterable="false"/>
                <Property Name="Ernam" Type="Edm.String" Nullable="false" MaxLength="12" sap:unicode="false" sap:label="Created By" sap:creatable="false" sap:updatable="false" sap:sortable="false" sap:filterable="false"/>
                <Property Name="Aedat" Type="Edm.DateTime" Nullable="false" Precision="0" sap:unicode="false" sap:label="Changed On" sap:creatable="false" sap:updatable="false" sap:sortable="false" sap:filterable="false"/>
                <Property Name="Aezet" Type="Edm.Time" Nullable="false" Precision="0" sap:unicode="false" sap:label="Time of change" sap:creatable="false" sap:updatable="false" sap:sortable="false" sap:filterable="false"/>
                <Property Name="Aenam" Type="Edm.String" Nullable="false" MaxLength="12" sap:unicode="false" sap:label="Changed By" sap:creatable="false" sap:updatable="false" sap:sortable="false" sap:filterable="false"/>
                <Property Name="Zdel" Type="Edm.Boolean" Nullable="false" sap:unicode="false" sap:label="Delete Flag" sap:creatable="false" sap:updatable="false" sap:sortable="false" sap:filterable="false"/>
                <Property Name="NodeState" Type="Edm.String" Nullable="false" sap:unicode="false" sap:label="NodeState" sap:creatable="false" sap:updatable="false" sap:sortable="false" sap:filterable="false"/>
            </EntityType>
            <EntityContainer Name="ZGWCAA00020_SRV_Entities" m:IsDefaultEntityContainer="true" sap:supported-formats="atom json xlsx">
                <EntitySet Name="NodeListSet" EntityType="ZGWCAA00020_SRV.NodeList" sap:creatable="false" sap:updatable="false" sap:deletable="false" sap:pageable="false" sap:addressable="false" sap:content-version="1"/>
            </EntityContainer>
            <atom:link rel="self" href="http://herpra06.hmgics.co.kr:8000/sap/opu/odata/sap/ZGWCAA00020_SRV/$metadata" xmlns:atom="http://www.w3.org/2005/Atom"/>
            <atom:link rel="latest-version" href="http://herpra06.hmgics.co.kr:8000/sap/opu/odata/sap/ZGWCAA00020_SRV/$metadata" xmlns:atom="http://www.w3.org/2005/Atom"/>
        </Schema>
    </edmx:DataServices>
</edmx:Edmx>