{
	"ProductCollection": [
		{
			"Description": "500 GB Hard Disc, Windows 8 Pro",
			"Name": "KS03"
		},
		{
			"Description": " Hard Disc, Windows 8 Pro",
			"Name": "CJ20N"
		},
		{
			"Description": "Windows 8 Pro",
			"Name": "VA01"
		},
		{
			"Description": "Windows 8 Pro",
			"Name": "VA02"
		},
		{
			"Description": "Windows 8 Pro",
			"Name": "VA03"
		},
		{
			"Description": "Windows 8 Pro",
			"Name": "VA04"
		},

		{
			"Description": "Pro",
			"Name": "FS00"
		},
		{
			"Description": "Encryption",
			"Name": "BP"
		}
	]
	
}
