<?xml version="1.0" encoding="utf-8"?>
<edmx:Edmx Version="1.0" xmlns:edmx="http://schemas.microsoft.com/ado/2007/06/edmx" xmlns:m="http://schemas.microsoft.com/ado/2007/08/dataservices/metadata" xmlns:sap="http://www.sap.com/Protocols/SAPData">
    <edmx:Reference Uri="http://herpra06.hmgics.co.kr:8000/sap/opu/odata/iwfnd/catalogservice;v=2/Vocabularies(TechnicalName='%2FIWBEP%2FVOC_AGGREGATION',Version='0001',SAP__Origin='LOCAL')/$value" xmlns:edmx="http://docs.oasis-open.org/odata/ns/edmx">
        <edmx:Include Namespace="Org.OData.Aggregation.V1" Alias="Aggregation"/>
    </edmx:Reference>
    <edmx:Reference Uri="http://herpra06.hmgics.co.kr:8000/sap/opu/odata/iwfnd/catalogservice;v=2/Vocabularies(TechnicalName='%2FIWBEP%2FVOC_ANALYTICS',Version='0001',SAP__Origin='LOCAL')/$value" xmlns:edmx="http://docs.oasis-open.org/odata/ns/edmx">
        <edmx:Include Namespace="com.sap.vocabularies.Analytics.v1" Alias="Analytics"/>
    </edmx:Reference>
    <edmx:Reference Uri="http://herpra06.hmgics.co.kr:8000/sap/opu/odata/iwfnd/catalogservice;v=2/Vocabularies(TechnicalName='%2FIWBEP%2FVOC_CAPABILITIES',Version='0001',SAP__Origin='LOCAL')/$value" xmlns:edmx="http://docs.oasis-open.org/odata/ns/edmx">
        <edmx:Include Namespace="Org.OData.Capabilities.V1" Alias="Capabilities"/>
    </edmx:Reference>
    <edmx:Reference Uri="http://herpra06.hmgics.co.kr:8000/sap/opu/odata/iwfnd/catalogservice;v=2/Vocabularies(TechnicalName='%2FIWBEP%2FVOC_CODELIST',Version='0001',SAP__Origin='LOCAL')/$value" xmlns:edmx="http://docs.oasis-open.org/odata/ns/edmx">
        <edmx:Include Namespace="com.sap.vocabularies.CodeList.v1" Alias="SAP__CodeList"/>
        <edmx:Include Namespace="com.sap.vocabularies.CodeList.v1" Alias="CodeList"/>
    </edmx:Reference>
    <edmx:Reference Uri="http://herpra06.hmgics.co.kr:8000/sap/opu/odata/iwfnd/catalogservice;v=2/Vocabularies(TechnicalName='%2FIWBEP%2FVOC_COMMON',Version='0001',SAP__Origin='LOCAL')/$value" xmlns:edmx="http://docs.oasis-open.org/odata/ns/edmx">
        <edmx:Include Namespace="com.sap.vocabularies.Common.v1" Alias="Common"/>
    </edmx:Reference>
    <edmx:Reference Uri="http://herpra06.hmgics.co.kr:8000/sap/opu/odata/iwfnd/catalogservice;v=2/Vocabularies(TechnicalName='%2FIWBEP%2FVOC_COMMUNICATION',Version='0001',SAP__Origin='LOCAL')/$value" xmlns:edmx="http://docs.oasis-open.org/odata/ns/edmx">
        <edmx:Include Namespace="com.sap.vocabularies.Communication.v1" Alias="Communication"/>
    </edmx:Reference>
    <edmx:Reference Uri="http://herpra06.hmgics.co.kr:8000/sap/opu/odata/iwfnd/catalogservice;v=2/Vocabularies(TechnicalName='%2FIWBEP%2FVOC_MEASURES',Version='0001',SAP__Origin='LOCAL')/$value" xmlns:edmx="http://docs.oasis-open.org/odata/ns/edmx">
        <edmx:Include Namespace="Org.OData.Measures.V1" Alias="Measures"/>
    </edmx:Reference>
    <edmx:Reference Uri="http://herpra06.hmgics.co.kr:8000/sap/opu/odata/iwfnd/catalogservice;v=2/Vocabularies(TechnicalName='%2FIWBEP%2FVOC_PERSONALDATA',Version='0001',SAP__Origin='LOCAL')/$value" xmlns:edmx="http://docs.oasis-open.org/odata/ns/edmx">
        <edmx:Include Namespace="com.sap.vocabularies.PersonalData.v1" Alias="PersonalData"/>
    </edmx:Reference>
    <edmx:Reference Uri="http://herpra06.hmgics.co.kr:8000/sap/opu/odata/iwfnd/catalogservice;v=2/Vocabularies(TechnicalName='%2FIWBEP%2FVOC_UI',Version='0001',SAP__Origin='LOCAL')/$value" xmlns:edmx="http://docs.oasis-open.org/odata/ns/edmx">
        <edmx:Include Namespace="com.sap.vocabularies.UI.v1" Alias="UI"/>
    </edmx:Reference>
    <edmx:Reference Uri="http://herpra06.hmgics.co.kr:8000/sap/opu/odata/iwfnd/catalogservice;v=2/Vocabularies(TechnicalName='%2FIWBEP%2FVOC_VALIDATION',Version='0001',SAP__Origin='LOCAL')/$value" xmlns:edmx="http://docs.oasis-open.org/odata/ns/edmx">
        <edmx:Include Namespace="Org.OData.Validation.V1" Alias="Validation"/>
    </edmx:Reference>
    <edmx:DataServices m:DataServiceVersion="2.0">
        <Schema Namespace="ZGWCAA00100_SRV" xml:lang="en" sap:schema-version="1" xmlns="http://schemas.microsoft.com/ado/2008/09/edm">
            <Annotation Term="Core.SchemaVersion" String="1.0.0" xmlns="http://docs.oasis-open.org/odata/ns/edm"/>
            <EntityType Name="ZVCAA00110B_DDLType" sap:label="공용 Object개발유형" sap:content-version="1">
                <Key>
                    <PropertyRef Name="code_grp"/>
                </Key>
                <Property Name="code_grp" Type="Edm.String" Nullable="false" MaxLength="10" sap:text="code_txt" sap:label="Code Group"/>
                <Property Name="code_txt" Type="Edm.String" MaxLength="60" sap:label="Code Text"/>
                <Property Name="erdat" Type="Edm.DateTime" Precision="0" sap:display-format="Date" sap:label="Created on" sap:quickinfo="Date on which the record was created"/>
                <Property Name="erzet" Type="Edm.Time" Precision="0" sap:label="Time" sap:quickinfo="Entry time"/>
                <Property Name="ernam" Type="Edm.String" MaxLength="12" sap:display-format="UpperCase" sap:label="Created By" sap:quickinfo="Name of Person Responsible for Creating the Object"/>
                <Property Name="aedat" Type="Edm.DateTime" Precision="0" sap:display-format="Date" sap:label="Changed On" sap:quickinfo="Last Changed On"/>
                <Property Name="aezet" Type="Edm.Time" Precision="0" sap:label="Changed at" sap:quickinfo="Time last change was made"/>
                <Property Name="aenam" Type="Edm.String" MaxLength="12" sap:display-format="UpperCase" sap:label="Changed By" sap:quickinfo="Name of Person Who Changed Object"/>
                <Property Name="zdel" Type="Edm.Boolean" sap:display-format="UpperCase" sap:label="Delete Flag"/>
            </EntityType>
            <EntityType Name="ZVCAA00120P_DDLType" sap:label="공용 Object 유형" sap:content-version="1">
                <Key>
                    <PropertyRef Name="code"/>
                    <PropertyRef Name="code_grp"/>
                </Key>
                <Property Name="code" Type="Edm.String" Nullable="false" MaxLength="30" sap:text="code_txt" sap:label="Code"/>
                <Property Name="code_grp" Type="Edm.String" Nullable="false" MaxLength="10" sap:label="Code Group"/>
                <Property Name="code_txt" Type="Edm.String" MaxLength="60" sap:label="Code Text"/>
                <Property Name="erdat" Type="Edm.DateTime" Precision="0" sap:display-format="Date" sap:label="Created on" sap:quickinfo="Date on which the record was created"/>
                <Property Name="erzet" Type="Edm.Time" Precision="0" sap:label="Time" sap:quickinfo="Entry time"/>
                <Property Name="ernam" Type="Edm.String" MaxLength="12" sap:display-format="UpperCase" sap:label="Created By" sap:quickinfo="Name of Person Responsible for Creating the Object"/>
                <Property Name="aedat" Type="Edm.DateTime" Precision="0" sap:display-format="Date" sap:label="Changed On" sap:quickinfo="Last Changed On"/>
                <Property Name="aezet" Type="Edm.Time" Precision="0" sap:label="Changed at" sap:quickinfo="Time last change was made"/>
                <Property Name="aenam" Type="Edm.String" MaxLength="12" sap:display-format="UpperCase" sap:label="Changed By" sap:quickinfo="Name of Person Who Changed Object"/>
                <Property Name="zdel" Type="Edm.Boolean" sap:display-format="UpperCase" sap:label="Delete Flag"/>
                <NavigationProperty Name="toDevTypes" Relationship="ZGWCAA00100_SRV.assoc_CF48CDB3750E08BEF9C1D3A73CFAB677" FromRole="FromRole_assoc_CF48CDB3750E08BEF9C1D3A73CFAB677" ToRole="ToRole_assoc_CF48CDB3750E08BEF9C1D3A73CFAB677"/>
            </EntityType>
            <EntityType Name="ZVCAA00130C_DDLType" sap:label="공용 Object 관리 - Object Master" sap:content-version="1">
                <Key>
                    <PropertyRef Name="ObjId"/>
                </Key>
                <Property Name="ObjId" Type="Edm.Guid" Nullable="false" sap:display-format="UpperCase" sap:label="GUID"/>
                <Property Name="DevType" Type="Edm.String" MaxLength="10" sap:label="Dev Type" sap:quickinfo="Code Group"/>
                <Property Name="DevTypeT" Type="Edm.String" MaxLength="10" sap:label="Dev Type" sap:quickinfo="Code Group"/>
                <Property Name="ObjType" Type="Edm.String" MaxLength="30" sap:label="Object Type" sap:quickinfo="Code"/>
                <Property Name="ObjTypeT" Type="Edm.String" MaxLength="60" sap:label="Object Type" sap:quickinfo="Code Text"/>
                <Property Name="ObjTxt" Type="Edm.String" MaxLength="60" sap:label="Object Text" sap:quickinfo="Title Short"/>
                <Property Name="Fdate" Type="Edm.DateTime" Precision="0" sap:display-format="Date" sap:label="Used From" sap:quickinfo="Date"/>
                <Property Name="Tdate" Type="Edm.DateTime" Precision="0" sap:display-format="Date" sap:label="Used End" sap:quickinfo="Date"/>
                <Property Name="Erdat" Type="Edm.DateTime" Precision="0" sap:display-format="Date" sap:label="Created Date" sap:quickinfo="Date on which the record was created"/>
                <Property Name="Erzet" Type="Edm.Time" Precision="0" sap:label="Created Time" sap:quickinfo="Entry time"/>
                <Property Name="Ernam" Type="Edm.String" MaxLength="12" sap:display-format="UpperCase" sap:label="Create User" sap:quickinfo="Name of Person Responsible for Creating the Object"/>
                <Property Name="Aedat" Type="Edm.DateTime" Precision="0" sap:display-format="Date" sap:label="Changed Date" sap:quickinfo="Last Changed On"/>
                <Property Name="Aezet" Type="Edm.Time" Precision="0" sap:label="Changed Time" sap:quickinfo="Time last change was made"/>
                <Property Name="Aenam" Type="Edm.String" MaxLength="12" sap:display-format="UpperCase" sap:label="Change User" sap:quickinfo="Name of Person Who Changed Object"/>
                <NavigationProperty Name="toDevTypes" Relationship="ZGWCAA00100_SRV.assoc_4DAEE94C776BEC021B0BDF903475C7B1" FromRole="FromRole_assoc_4DAEE94C776BEC021B0BDF903475C7B1" ToRole="ToRole_assoc_4DAEE94C776BEC021B0BDF903475C7B1"/>
                <NavigationProperty Name="toObjTypes" Relationship="ZGWCAA00100_SRV.assoc_CA51EFE1DFB22A9E4C77CE59A8B36691" FromRole="FromRole_assoc_CA51EFE1DFB22A9E4C77CE59A8B36691" ToRole="ToRole_assoc_CA51EFE1DFB22A9E4C77CE59A8B36691"/>
            </EntityType>
            <Association Name="assoc_4DAEE94C776BEC021B0BDF903475C7B1" sap:content-version="1">
                <End Type="ZGWCAA00100_SRV.ZVCAA00130C_DDLType" Multiplicity="1" Role="FromRole_assoc_4DAEE94C776BEC021B0BDF903475C7B1"/>
                <End Type="ZGWCAA00100_SRV.ZVCAA00110B_DDLType" Multiplicity="1" Role="ToRole_assoc_4DAEE94C776BEC021B0BDF903475C7B1"/>
            </Association>
            <Association Name="assoc_CA51EFE1DFB22A9E4C77CE59A8B36691" sap:content-version="1">
                <End Type="ZGWCAA00100_SRV.ZVCAA00130C_DDLType" Multiplicity="1" Role="FromRole_assoc_CA51EFE1DFB22A9E4C77CE59A8B36691"/>
                <End Type="ZGWCAA00100_SRV.ZVCAA00120P_DDLType" Multiplicity="1" Role="ToRole_assoc_CA51EFE1DFB22A9E4C77CE59A8B36691"/>
            </Association>
            <Association Name="assoc_CF48CDB3750E08BEF9C1D3A73CFAB677" sap:content-version="1">
                <End Type="ZGWCAA00100_SRV.ZVCAA00120P_DDLType" Multiplicity="1" Role="FromRole_assoc_CF48CDB3750E08BEF9C1D3A73CFAB677"/>
                <End Type="ZGWCAA00100_SRV.ZVCAA00110B_DDLType" Multiplicity="1" Role="ToRole_assoc_CF48CDB3750E08BEF9C1D3A73CFAB677"/>
            </Association>
            <EntityContainer Name="ZGWCAA00100_SRV_Entities" m:IsDefaultEntityContainer="true" sap:message-scope-supported="true" sap:supported-formats="atom json xlsx">
                <EntitySet Name="ZVCAA00110B_DDL" EntityType="ZGWCAA00100_SRV.ZVCAA00110B_DDLType" sap:creatable="false" sap:updatable="false" sap:deletable="false" sap:content-version="1"/>
                <EntitySet Name="ZVCAA00120P_DDL" EntityType="ZGWCAA00100_SRV.ZVCAA00120P_DDLType" sap:creatable="false" sap:updatable="false" sap:deletable="false" sap:content-version="1"/>
                <EntitySet Name="ZVCAA00130C_DDL" EntityType="ZGWCAA00100_SRV.ZVCAA00130C_DDLType" sap:creatable="false" sap:updatable="false" sap:deletable="false" sap:content-version="1"/>
                <AssociationSet Name="assoc_CA51EFE1DFB22A9E4C77CE59A8B36691" Association="ZGWCAA00100_SRV.assoc_CA51EFE1DFB22A9E4C77CE59A8B36691" sap:creatable="false" sap:updatable="false" sap:deletable="false" sap:content-version="1">
                    <End EntitySet="ZVCAA00130C_DDL" Role="FromRole_assoc_CA51EFE1DFB22A9E4C77CE59A8B36691"/>
                    <End EntitySet="ZVCAA00120P_DDL" Role="ToRole_assoc_CA51EFE1DFB22A9E4C77CE59A8B36691"/>
                </AssociationSet>
                <AssociationSet Name="assoc_CF48CDB3750E08BEF9C1D3A73CFAB677" Association="ZGWCAA00100_SRV.assoc_CF48CDB3750E08BEF9C1D3A73CFAB677" sap:creatable="false" sap:updatable="false" sap:deletable="false" sap:content-version="1">
                    <End EntitySet="ZVCAA00120P_DDL" Role="FromRole_assoc_CF48CDB3750E08BEF9C1D3A73CFAB677"/>
                    <End EntitySet="ZVCAA00110B_DDL" Role="ToRole_assoc_CF48CDB3750E08BEF9C1D3A73CFAB677"/>
                </AssociationSet>
                <AssociationSet Name="assoc_4DAEE94C776BEC021B0BDF903475C7B1" Association="ZGWCAA00100_SRV.assoc_4DAEE94C776BEC021B0BDF903475C7B1" sap:creatable="false" sap:updatable="false" sap:deletable="false" sap:content-version="1">
                    <End EntitySet="ZVCAA00130C_DDL" Role="FromRole_assoc_4DAEE94C776BEC021B0BDF903475C7B1"/>
                    <End EntitySet="ZVCAA00110B_DDL" Role="ToRole_assoc_4DAEE94C776BEC021B0BDF903475C7B1"/>
                </AssociationSet>
            </EntityContainer>
            <Annotations Target="ZGWCAA00100_SRV.ZGWCAA00100_SRV_Entities" xmlns="http://docs.oasis-open.org/odata/ns/edm">
                <Annotation Term="Common.ApplyMultiUnitBehaviorForSortingAndFiltering" Bool="true"/>
            </Annotations>
            <atom:link rel="self" href="http://herpra06.hmgics.co.kr:8000/sap/opu/odata/sap/ZGWCAA00100_SRV/$metadata" xmlns:atom="http://www.w3.org/2005/Atom"/>
            <atom:link rel="latest-version" href="http://herpra06.hmgics.co.kr:8000/sap/opu/odata/sap/ZGWCAA00100_SRV/$metadata" xmlns:atom="http://www.w3.org/2005/Atom"/>
        </Schema>
    </edmx:DataServices>
</edmx:Edmx>