<?xml version="1.0" encoding="utf-8"?>
<edmx:Edmx Version="1.0" xmlns:edmx="http://schemas.microsoft.com/ado/2007/06/edmx" xmlns:m="http://schemas.microsoft.com/ado/2007/08/dataservices/metadata" xmlns:sap="http://www.sap.com/Protocols/SAPData">
    <edmx:DataServices m:DataServiceVersion="2.0">
        <Schema Namespace="ZOTC_EW_ODATA_SRV" xml:lang="ko" sap:schema-version="1" xmlns="http://schemas.microsoft.com/ado/2008/09/edm">
            <EntityType Name="Z_OTC_IF6500" sap:content-version="1">
                <Key>
                    <PropertyRef Name="input"/>
                </Key>
                <Property Name="input" Type="Edm.String" Nullable="false" sap:unicode="false" sap:label="Input" sap:creatable="false" sap:updatable="false" sap:sortable="false"/>
                <Property Name="output" Type="Edm.String" Nullable="false" sap:unicode="false" sap:label="Output" sap:creatable="false" sap:updatable="false" sap:sortable="false" sap:filterable="false"/>
            </EntityType>
            <EntityType Name="Z_OTC_IF6501" sap:content-version="1">
                <Key>
                    <PropertyRef Name="input"/>
                </Key>
                <Property Name="input" Type="Edm.String" Nullable="false" sap:unicode="false" sap:label="Input" sap:creatable="false" sap:updatable="false" sap:sortable="false"/>
                <Property Name="output" Type="Edm.String" Nullable="false" sap:unicode="false" sap:label="Output" sap:creatable="false" sap:updatable="false" sap:sortable="false" sap:filterable="false"/>
            </EntityType>
            <EntityType Name="Z_OTC_IF6502" sap:content-version="1">
                <Key>
                    <PropertyRef Name="input"/>
                </Key>
                <Property Name="input" Type="Edm.String" Nullable="false" sap:unicode="false" sap:label="Input" sap:creatable="false" sap:updatable="false" sap:sortable="false"/>
                <Property Name="output" Type="Edm.String" Nullable="false" sap:unicode="false" sap:label="Output" sap:creatable="false" sap:updatable="false" sap:sortable="false" sap:filterable="false"/>
            </EntityType>
            <EntityType Name="Z_OTC_IF6503" sap:content-version="1">
                <Key>
                    <PropertyRef Name="input"/>
                </Key>
                <Property Name="input" Type="Edm.String" Nullable="false" sap:unicode="false" sap:label="Input" sap:creatable="false" sap:updatable="false" sap:sortable="false"/>
                <Property Name="output" Type="Edm.String" Nullable="false" sap:unicode="false" sap:label="Output" sap:creatable="false" sap:updatable="false" sap:sortable="false" sap:filterable="false"/>
            </EntityType>
            <EntityType Name="Z_OTC_IF6504" sap:content-version="1">
                <Key>
                    <PropertyRef Name="input"/>
                </Key>
                <Property Name="input" Type="Edm.String" Nullable="false" sap:unicode="false" sap:label="Input" sap:creatable="false" sap:updatable="false" sap:sortable="false"/>
                <Property Name="output" Type="Edm.String" Nullable="false" sap:unicode="false" sap:label="Output" sap:creatable="false" sap:updatable="false" sap:sortable="false" sap:filterable="false"/>
            </EntityType>
            <EntityType Name="Z_OTC_IF6505" sap:content-version="1">
                <Key>
                    <PropertyRef Name="input"/>
                </Key>
                <Property Name="input" Type="Edm.String" Nullable="false" sap:unicode="false" sap:label="Input" sap:creatable="false" sap:updatable="false" sap:sortable="false"/>
                <Property Name="output" Type="Edm.String" Nullable="false" sap:unicode="false" sap:label="Output" sap:creatable="false" sap:updatable="false" sap:sortable="false" sap:filterable="false"/>
            </EntityType>
            <EntityType Name="Z_OTC_IF6506" sap:content-version="1">
                <Key>
                    <PropertyRef Name="input"/>
                </Key>
                <Property Name="input" Type="Edm.String" Nullable="false" sap:unicode="false" sap:label="Input" sap:creatable="false" sap:updatable="false" sap:sortable="false"/>
                <Property Name="output" Type="Edm.String" Nullable="false" sap:unicode="false" sap:label="Output" sap:creatable="false" sap:updatable="false" sap:sortable="false" sap:filterable="false"/>
            </EntityType>
            <EntityType Name="Z_SWX_IF0001" sap:content-version="1">
                <Key>
                    <PropertyRef Name="input"/>
                </Key>
                <Property Name="input" Type="Edm.String" Nullable="false" sap:unicode="false" sap:label="Input" sap:creatable="false" sap:updatable="false" sap:sortable="false"/>
                <Property Name="output" Type="Edm.String" Nullable="false" sap:unicode="false" sap:label="Output" sap:creatable="false" sap:updatable="false" sap:sortable="false" sap:filterable="false"/>
            </EntityType>
            <EntityContainer Name="ZOTC_EW_ODATA_SRV_Entities" m:IsDefaultEntityContainer="true" sap:supported-formats="atom json xlsx">
                <EntitySet Name="Z_OTC_IF6500Set" EntityType="ZOTC_EW_ODATA_SRV.Z_OTC_IF6500" sap:creatable="false" sap:updatable="false" sap:deletable="false" sap:pageable="false" sap:addressable="false" sap:content-version="1"/>
                <EntitySet Name="Z_OTC_IF6501Set" EntityType="ZOTC_EW_ODATA_SRV.Z_OTC_IF6501" sap:creatable="false" sap:updatable="false" sap:deletable="false" sap:pageable="false" sap:addressable="false" sap:content-version="1"/>
                <EntitySet Name="Z_OTC_IF6502Set" EntityType="ZOTC_EW_ODATA_SRV.Z_OTC_IF6502" sap:creatable="false" sap:updatable="false" sap:deletable="false" sap:pageable="false" sap:addressable="false" sap:content-version="1"/>
                <EntitySet Name="Z_OTC_IF6503Set" EntityType="ZOTC_EW_ODATA_SRV.Z_OTC_IF6503" sap:creatable="false" sap:updatable="false" sap:deletable="false" sap:pageable="false" sap:addressable="false" sap:content-version="1"/>
                <EntitySet Name="Z_OTC_IF6504Set" EntityType="ZOTC_EW_ODATA_SRV.Z_OTC_IF6504" sap:creatable="false" sap:updatable="false" sap:deletable="false" sap:pageable="false" sap:addressable="false" sap:content-version="1"/>
                <EntitySet Name="Z_OTC_IF6505Set" EntityType="ZOTC_EW_ODATA_SRV.Z_OTC_IF6505" sap:creatable="false" sap:updatable="false" sap:deletable="false" sap:pageable="false" sap:addressable="false" sap:content-version="1"/>
                <EntitySet Name="Z_OTC_IF6506Set" EntityType="ZOTC_EW_ODATA_SRV.Z_OTC_IF6506" sap:creatable="false" sap:updatable="false" sap:deletable="false" sap:pageable="false" sap:addressable="false" sap:content-version="1"/>
                <EntitySet Name="Z_SWX_IF0001Set" EntityType="ZOTC_EW_ODATA_SRV.Z_SWX_IF0001" sap:creatable="false" sap:updatable="false" sap:deletable="false" sap:pageable="false" sap:addressable="false" sap:content-version="1"/>
            </EntityContainer>
            <atom:link rel="self" href="http://172.30.158.1:8080/sap/opu/odata/sap/ZOTC_EW_ODATA_SRV/$metadata" xmlns:atom="http://www.w3.org/2005/Atom"/>
            <atom:link rel="latest-version" href="http://172.30.158.1:8080/sap/opu/odata/sap/ZOTC_EW_ODATA_SRV/$metadata" xmlns:atom="http://www.w3.org/2005/Atom"/>
        </Schema>
    </edmx:DataServices>
</edmx:Edmx>