<edmx:Edmx xmlns:edmx="http://docs.oasis-open.org/odata/ns/edmx" Version="4.0">
	<edmx:Reference xmlns:edmx="http://docs.oasis-open.org/odata/ns/edmx"
		Uri="http://localhost:8080/webidedispatcher/destinations/HMD/sap/opu/odata/sap/ZGWCAA00100_SRV/$metadata">
		<edmx:Include xmlns:edmx="http://docs.oasis-open.org/odata/ns/edmx" Namespace="ZGWCAA00100_SRV"/>
	</edmx:Reference>
	<edmx:Reference Uri="https://wiki.scn.sap.com/wiki/download/attachments/448470968/UI.xml?api=v2">
		<edmx:Include Alias="UI" Namespace="com.sap.vocabularies.UI.v1"/>
	</edmx:Reference>
	<edmx:Reference Uri="http://docs.oasis-open.org/odata/odata-data-aggregation-ext/v4.0/cs02/vocabularies/Org.OData.Aggregation.V1.xml">
		<edmx:Include Alias="Aggregation" Namespace="Org.OData.Aggregation.V1"/>
	</edmx:Reference>
	<edmx:Reference Uri="http://docs.oasis-open.org/odata/odata/v4.0/errata03/os/complete/vocabularies/Org.OData.Capabilities.V1.xml">
		<edmx:Include Alias="Capabilities" Namespace="Org.OData.Capabilities.V1"/>
	</edmx:Reference>
	<edmx:Reference Uri="https://wiki.scn.sap.com/wiki/download/attachments/448470974/Common.xml?api=v2">
		<edmx:Include Alias="Common" Namespace="com.sap.vocabularies.Common.v1"/>
	</edmx:Reference>
	<edmx:Reference Uri="https://wiki.scn.sap.com/wiki/download/attachments/448470971/Communication.xml?api=v2">
		<edmx:Include Alias="vCard" Namespace="com.sap.vocabularies.Communication.v1"/>
	</edmx:Reference>
	<edmx:Reference Uri="http://docs.oasis-open.org/odata/odata/v4.0/errata03/os/complete/vocabularies/Org.OData.Core.V1.xml">
		<edmx:Include Alias="Core" Namespace="Org.OData.Core.V1"/>
	</edmx:Reference>
	<edmx:Reference Uri="http://docs.oasis-open.org/odata/odata/v4.0/errata03/os/complete/vocabularies/Org.OData.Measures.V1.xml">
		<edmx:Include Alias="CQP" Namespace="Org.OData.Measures.V1"/>
	</edmx:Reference>
	<edmx:DataServices>
		<Schema xmlns="http://docs.oasis-open.org/odata/ns/edm">
			<Annotations Target="ZGWCAA00100_SRV.ZVCAA00130C_DDLType">			
				<Annotation Term="UI.LineItem">
					<Collection>
						<Record Type="UI.DataField"><PropertyValue Property="Value" Path="DevType"/></Record>
                        <Record Type="UI.DataField"><PropertyValue Property="Value" Path="ObjType"/></Record>
                        <Record Type="UI.DataField"><PropertyValue Property="Value" Path="ObjTxt"/></Record>
                        <Record Type="UI.DataField"><PropertyValue Property="Value" Path="Fdate"/></Record>
                        <Record Type="UI.DataField"><PropertyValue Property="Value" Path="Tdate"/></Record>
                        <Record Type="UI.DataField"><PropertyValue Property="Value" Path="Ernam"/></Record>
                        <Record Type="UI.DataField"><PropertyValue Property="Value" Path="Erdat"/></Record>
                        <Record Type="UI.DataField"><PropertyValue Property="Value" Path="Erzet"/></Record>
                        <Record Type="UI.DataField"><PropertyValue Property="Value" Path="Aenam"/></Record>
                        <Record Type="UI.DataField"><PropertyValue Property="Value" Path="Aedat"/></Record>
                        <Record Type="UI.DataField"><PropertyValue Property="Value" Path="Aezet"/></Record>						
					</Collection>
				</Annotation>
				<Annotation Term="UI.SelectionFields">
					<Collection>
						<PropertyPath>DevType</PropertyPath>						
                        <PropertyPath>ObjType</PropertyPath>	
                        <PropertyPath>ObjTxt</PropertyPath>	
					</Collection>
				</Annotation>
			</Annotations>
            <Annotations Target="ZGWCAA00100_SRV.ZVCAA00130C_DDLType/DevType">
                <Annotation Term="Common.ValueListWithFixedValues" Bool="true"/>
				<Annotation Term="Common.Text" Path="DevTypeT">
					<Annotation Term="UI.TextArrangement" EnumMember="UI.TextArrangementType/TextOnly"/>
				</Annotation>
                <Annotation Term="Common.ValueList">
					<Record Type="Common.ValueListType">
						<PropertyValue Property="CollectionPath" String="ZVCAA00110B_DDL"/>
						<PropertyValue Property="Parameters">
							<Collection>
								<Record Type="Common.ValueListParameterInOut">
									<PropertyValue Property="LocalDataProperty" PropertyPath="DevType"/>
									<PropertyValue Property="ValueListProperty" String="code_grp"/>
								</Record>
								<Record Type="Common.ValueListParameterDisplayOnly">
									<PropertyValue Property="ValueListProperty" String="code_txt"/>
								</Record>
							</Collection>
						</PropertyValue>
						<PropertyValue Property="SearchSupported" Bool="false"/>
					</Record>
				</Annotation>
			</Annotations>            
			<Annotations Target="ZGWCAA00100_SRV.ZVCAA00130C_DDLType/ObjType">   
                <Annotation Term="Common.ValueListWithFixedValues" Bool="true"/>             
				<Annotation Term="Common.Text" Path="ObjTypeT">
					<Annotation Term="UI.TextArrangement" EnumMember="UI.TextArrangementType/TextOnly"/>
				</Annotation>
                <Annotation Term="Common.ValueList">
					<Record Type="Common.ValueListType">
						<PropertyValue Property="CollectionPath" String="ZVCAA00120P_DDL"/>
						<PropertyValue Property="Parameters">
							<Collection>
								<Record Type="Common.ValueListParameterInOut">
									<PropertyValue Property="LocalDataProperty" PropertyPath="ObjType"/>
									<PropertyValue Property="ValueListProperty" String="code"/>
								</Record>
								<Record Type="Common.ValueListParameterDisplayOnly">
									<PropertyValue Property="ValueListProperty" String="code_txt"/>
								</Record>
							</Collection>
						</PropertyValue>
						<PropertyValue Property="SearchSupported" Bool="false"/>
					</Record>
				</Annotation>
			</Annotations>
            
		</Schema>
	</edmx:DataServices>
</edmx:Edmx>