<core:FragmentDefinition
	xmlns="sap.m"
	xmlns:core="sap.ui.core"
	xmlns:mvc="sap.ui.core.mvc"
    xmlns:f="sap.f"
	xmlns:form="sap.ui.layout.form"
	xmlns:u="sap.ui.unified"
    xmlns:table="sap.ui.table"
	xmlns:layout="sap.ui.layout"
    xmlns:fb="sap.ui.comp.filterbar"
	xmlns:sv="sap.ui.comp.smartvariants"
	xmlns:smartFilterBar="sap.ui.comp.smartfilterbar"
	xmlns:smartTable="sap.ui.comp.smarttable"

	xmlns:smartForm="sap.ui.comp.smartform"
	xmlns:smartField="sap.ui.comp.smartfield"
    xmlns:ews="control"
	xmlns:app="http://schemas.sap.com/sapui5/extension/sap.ui.core.CustomData/1"
    >
	<Dialog
		id="riskitempopup_dialog"
		showHeader="false"
		verticalScrolling="false"
		contentHeight="800px"
		contentWidth="1200px"
		draggable="true"
		resizable="false">
		<f:DynamicPage id="riskitempopup_dynamicPage"
			showFooter="true"
			fitContent="true"
			preserveHeaderStateOnScroll="true"
			>
			<f:title>
				<f:DynamicPageTitle>
					<f:heading>
						<layout:HorizontalLayout>
							<Title text="Risk Item - ({/app/my_ri/rino}) {/app/my_ri/rinm}" />
							<!--Input id="input-a" width="80px"  value="{/app/my_ri/rino}" editable="false"/>
							<Input id="input-b" width="600px" value="{/app/my_ri/rinm}" editable="false" /-->
						</layout:HorizontalLayout>
					</f:heading>
				</f:DynamicPageTitle>
			</f:title>
            
            <!--f:header>
                <f:DynamicPageHeader  pinnable="true">
                    <f:content>
						<layout:HorizontalLayout class="sapUiContentPadding">
							<Label text="Risk Item : " labelFor="input-a"/>
							<Input id="input-a" width="80px" value="{/app/my_ri/rino}" editable="false"/>
							<Input id="input-b" width="600px" value="{/app/my_ri/rinm}" editable="false" />
						</layout:HorizontalLayout>
                    </f:content>
                </f:DynamicPageHeader>
            </f:header-->

			<f:content>
                <IconTabBar id="iconTabBar" 
					class="sapUiResponsiveContentPadding" 
					stretchContentHeight="true" 
					expandable="false"
					selectedKey="{/app/selectedKey}"
					select="onFilterSelect"
					>
                    <items>
                        <IconTabFilter id="pop_detail" key="pop_detail" text="상세 설명">
							<Page showHeader="false" >
								<content>
										<FormattedText htmlText="{/app/HTML}"/>
										<Link text="      {/app/my_ri/scrn}" textAlign="Center" wrapping="true" href="{/app/my_ri/zlink}" target="_blank"/>
								</content>
							</Page>
                        </IconTabFilter>
                		<IconTabFilter id="pop_setting" key="pop_setting" text="구독 설정">
							<SplitContainer id="SimpleFormSplitscreen" initialDetail="page" initialMaster="master">
								<masterPages>
									<Page id="master" showHeader="false" title="Master" class="sapUiStdPage">
										<content>
											<smartTable:SmartTable
											smartFilterId="smartFilterBar"
											tableType="ResponsiveTable"
											class="sapUiResponsiveContentPadding">
												<table:Table
													id="PopRiskRp"
													rows="{pop_et_sub}"
													visibleRowCountMode="Auto"
													minAutoRowCount="1"
													selectionMode="Single"
													selectionBehavior="RowOnly"
													threshold="15"
													enableBusyIndicator="true"
													ariaLabelledBy="title"
													cellClick=".onPopLeftCellClick"
													>

													<table:columns>
														<table:Column  width="50px">
															<Label text="상태"/>
															<table:template>
																<Button id="circle2" visible="{circleDis}" icon="{icon}" type="Transparent"/>
															</table:template>
														</table:Column>
														<table:Column width="70px">
															<Label text="구독No." />
															<table:template>
																<Text text="{subno}" wrapping="false" />
															</table:template>
														</table:Column>
														<table:Column>
															<Label text="비고" />
															<table:template>
																<Text text="{rmk}" wrapping="false" />
															</table:template>
														</table:Column>
													</table:columns>
												</table:Table>
											</smartTable:SmartTable>
										</content>
									</Page>
								</masterPages>
								<detailPages>
									<Page
										id="page"
										class="sapUiStdPage"
										>
										<headerContent>
											<Toolbar >
												<Title id="Title111" text="{/app/click_title}" textAlign="Left"/>
												<ToolbarSpacer />
												<Button icon="sap-icon://reset" press=".onResetClick" />
											</Toolbar>
										</headerContent>

										<form:Form id="FormToolbar0"
											editable="true"
											ariaLabelledBy="Title1">

											<form:layout>
												<form:ResponsiveGridLayout
													labelSpanXL="1"
													labelSpanL="1"
													labelSpanM="2"
													labelSpanS="1"
													adjustLabelSpan="false"
													emptySpanXL="1"
													emptySpanL="1"
													emptySpanM="2"
													emptySpanS="1"
													columnsXL="1"
													columnsL="1"
													columnsM="1"
													singleContainerFullSize="true" 
													breakpointXL="1440"
													breakpointL="1024"
													breakpointM="600"
													/>
											</form:layout>
											<form:formContainers>
											<form:FormContainer ariaLabelledBy="Title0"/>
											</form:formContainers>
										</form:Form>

										<form:Form id="FormToolbar"
											editable="true"
											ariaLabelledBy="Title1">
										    <!--form:toolbar>
												<Toolbar id="TB1">
													<Title id="Title11" text="{/app/click_title}"/>
													<ToolbarSpacer />
													<Button icon="sap-icon://reset" press=".onResetClick" />
												</Toolbar>
											</form:toolbar-->
											<form:layout>
												<form:ResponsiveGridLayout
													labelSpanXL="1"
													labelSpanL="1"
													labelSpanM="2"
													labelSpanS="1"
													adjustLabelSpan="false"
													emptySpanXL="1"
													emptySpanL="1"
													emptySpanM="2"
													emptySpanS="1"
													columnsXL="1"
													columnsL="1"
													columnsM="1"
													singleContainerFullSize="true" 
													breakpointXL="1440"
													breakpointL="1024"
													breakpointM="600"
													/>
											</form:layout>
											<form:formContainers>
												<form:FormContainer ariaLabelledBy="Title1">
													<form:toolbar>
														<Toolbar>
															<!--Title id="Title1" text="▪ 구독 주기"/-->
															<Label text="▪ 구독 주기"  design="Bold"/>
															<ToolbarSpacer />
															<!-- <Button icon="sap-icon://settings"/> -->
														</Toolbar>
													</form:toolbar>
													<form:FormElement label="{/app/execyl}">
														<form:fields>
															<Select id="select1"
																items="{
																	path: '/app/select'
																}"
																width = "100%"
																selectedKey="{/app/pop_it_sub/selectKey}"
																visible="{/app/selectView}"

																>
																<core:Item key="{key}" text="{name}" />
															</Select>
															
															<Select id="time" 
																visible="true" 
																width="100%" 
																selectedKey="{/app/pop_it_sub/exetim}"
																>
																<items>
																	<core:Item text="00시" key="00"/>
																	<core:Item text="01시" key="01"/>
																	<core:Item text="02시" key="02"/>
																	<core:Item text="03시" key="03"/>
																	<core:Item text="04시" key="04"/>
																	<core:Item text="05시" key="05"/>
																	<core:Item text="06시" key="06"/>
																	<core:Item text="07시" key="07"/>
																	<core:Item text="08시" key="08"/>
																	<core:Item text="09시" key="09"/>
																	<core:Item text="10시" key="10"/>
																	<core:Item text="11시" key="11"/>
																	<core:Item text="12시" key="12"/>
																	<core:Item text="13시" key="13"/>
																	<core:Item text="14시" key="14"/>
																	<core:Item text="15시" key="15"/>
																	<core:Item text="16시" key="16"/>
																	<core:Item text="17시" key="17"/>
																	<core:Item text="18시" key="18"/>
																	<core:Item text="19시" key="19"/>
																	<core:Item text="20시" key="20"/>
																	<core:Item text="21시" key="21"/>
																	<core:Item text="22시" key="22"/>
																	<core:Item text="23시" key="23"/>
																</items>
															</Select>
															<Text id="space" width="100px" text=""/>
														</form:fields>
														<CheckBox id="check" text="필수구독" editable="false" selected="{/app/pop_it_sub/xmndty_tf}"/>
													</form:FormElement>
												</form:FormContainer>
												<form:FormContainer ariaLabelledBy="Title2">
													<form:toolbar>
														<Toolbar>
															<!--Title id="Title2" text="▪ 구독 조건"/-->
															<Label text="▪ 구독 조건"  design="Bold"/>
															<ToolbarSpacer />
															<!-- <Button icon="sap-icon://settings"/> -->
														</Toolbar>
													</form:toolbar>
													<form:formElements>
														<form:FormElement id="ridata" label="{/app/ridata_nm}">
															<form:fields>
																<!--Text id="ridata_nm" width="100%" textAlign="Right" text="{/app/ridata_nm}" wrapping="true"/-->
																<Select id="iesign"
																	forceSelection="false"
																	items="{
																		path: '/app/iesigns'
																	}"
																	width = "100%"
																	selectedKey="{/app/pop_it_sub/iesign}"
																	enabled="{/app/pop_iesign_select}"
																	>
																	<core:Item key="{key}" text="{name}" />
																</Select>
																<Input id="sub_value" width="100%"
																	enabled = "{/app/pop_value_input}"
																	type="Number" textAlign="End" value="{/app/pop_it_sub/value}" 
																	/>
																<Text id="rateSign" width="100%" text="{/app/pop_it_sub/unt}"/>
															</form:fields>
															<CheckBox id="chkStat" selected="{/app/pop_it_sub/stat_tf}" text="구독 일시중지"/>
														</form:FormElement>
													</form:formElements>
												</form:FormContainer>
												<form:FormContainer ariaLabelledBy="Title3">
													<form:toolbar>
														<Toolbar>
															<!--Title id="Title3" text="▪ 대상 Data 범위"/-->
															<Label text="▪ 대상 Data 범위"  design="Bold"/>
															<ToolbarSpacer />
															<!-- <Button icon="sap-icon://settings"/> -->
														</Toolbar>
													</form:toolbar>
													<form:formElements>
														<form:FormElement id="rmk">
															<smartTable:SmartTable
																smartFilterId="smartFilterBar"
																tableType="ResponsiveTable"
																class="sapUiResponsiveContentPadding">
																<table:Table
																	rows="{pop_et_var_field}"
																	visibleRowCount="{= ${/app/pop_et_var_field}.length}"
																	visibleRowCountMode="Fixed"
																	minAutoRowCount="{= ${/app/pop_et_var_field}.length}"
																	selectionMode="Single"
																	selectionBehavior="RowOnly"
																	threshold="15"
																	enableBusyIndicator="true"
																	columnHeaderVisible="false"
																	ariaLabelledBy="title">

																	<table:columns>
																		<table:Column width="150px">
																			<table:template>
																				<Text text="{fieldnm}" wrapping="false" />
																			</table:template>
																		</table:Column>

																		<table:Column width="40px">
																			<table:template>
																				<Text text="=" wrapping="false" visible="{= ${fieldid} !== '' ? true : false}"/>
																			</table:template>
																		</table:Column>

																		<table:Column>
																			<table:template>
																				<VBox>
																					<items>
																						<HBox renderType="Bare">
																							<items>
																								<ews:Input value="{fielddata}" 
																								id="input"
																								editable="true"
																								valueHelpOnly = "{= ${shelp} !== '' ? true : false}"
																								showValueHelp="{= ${shelp} !== '' ? true : false}"
																								contents="{contents}"
																								visible="{= ${fieldid} !== '' ? true : false}"
																								/>
																								<Button id="aaa" type="Transparent" icon="sap-icon://sys-cancel" tooltip="초기화"  press=".onClearClick"  visible="{= ${fieldid} !== '' ? true : false}"/>
																							</items>
																						</HBox>
																					</items>
																				</VBox>
																			</table:template>
																		</table:Column>

																		<table:Column>
																			<table:template>
																				<Text text="{fieldrmk}" wrapping="false"  visible="{= ${fieldid} !== '' ? true : false}"/>
																			</table:template>
																		</table:Column>
																	</table:columns>
																</table:Table>
															</smartTable:SmartTable>

														</form:FormElement>
													</form:formElements>
												</form:FormContainer>
												<form:FormContainer ariaLabelledBy="Title4">
													<form:toolbar>
														<Toolbar>
															<Label text="▪ Email(@Kolon.com 제외)"  design="Bold"/>
															<ToolbarSpacer />
														</Toolbar>
													</form:toolbar>
													<form:formElements>
														<form:FormElement>
															<form:fields>
																<Input id="email2" textAlign="Begin" value="{/app/pop_it_sub/email}" />
																<Text text="(공백은 구독자ID로 자동처리 됨)" wrapping="false" />
															</form:fields>
														</form:FormElement>
													</form:formElements>
												</form:FormContainer>
												<form:FormContainer ariaLabelledBy="Title4">
													<form:toolbar>
														<Toolbar>
															<!--Title text="▪ 비고"/-->
															<Label text="▪ 비고"  design="Bold"/>
															<ToolbarSpacer />
															<!-- <Button icon="sap-icon://settings"/> -->
														</Toolbar>
													</form:toolbar>
													<form:formElements>
														<form:FormElement>
															<form:fields>
																<Input id="subRmk" textAlign="Begin" value="{/app/pop_it_sub/rmk}" />
															</form:fields>

														</form:FormElement>
													</form:formElements>
												</form:FormContainer>
											</form:formContainers>
										</form:Form>
									</Page>
								</detailPages>
							</SplitContainer>							
                        </IconTabFilter>
                    </items>
                </IconTabBar>
			</f:content>

			<f:footer>
				<OverflowToolbar>
					<ToolbarSpacer/>
					<Button id="pop_save"  visible="{/app/visibleTF}" text="저장" type="Emphasized" press=".onSave"/>
					<Button id="pop_close"	text="닫기" type="Transparent" press="handlePopupClose"/>
				</OverflowToolbar>
			</f:footer>
		</f:DynamicPage>
	</Dialog>
</core:FragmentDefinition>