<!-- 
*******************************************************************
1. Module(Sub) : common
2. Parent Class : sap/ui/core/FragmentDefinition
3. Implementation Class : common.lib.fragment.PreconentsManagentDialog
4. Description : Create PreconentsManagentDialog
*******************************************************************
                        Modification LOG
*******************************************************************
No.    CSR/PJT No.    Date          Authors        Description
****   ***********    **********    ***********    ****************
001    LGE NEXT ERP   2023.05.29    VinhNT         Create PreconentsManagentDialog
*******************************************************************
Comment:

    No.001 Create PreconentsManagentDialog
*******************************************************************   
 -->
<core:FragmentDefinition xmlns:core="sap.ui.core" xmlns:table="sap.ui.table" xmlns="sap.m" xmlns:l="sap.ui.layout">
    <Dialog title="New Pre-contents" class="messageDialog">
        <content>
            <l:VerticalLayout class="sapUiContentPadding" width="100%">
                <Label text="Pre-contents Name" required="true"/>
		        <Input id="precontents-name" value="{VariantName}" width="100%"/>
                <CheckBox text="Save as Default" selected="{VariantDefaultFlag}"/>
            </l:VerticalLayout>
        </content>
        <beginButton>
            <Button type="Emphasized" text="Save" press="onSubmitPrecontentsSavingDialogPressed"/>
        </beginButton>
        <endButton>
            <Button text="Cancel" press="onCancelPrecontentsSavingDialogPressed"/>
        </endButton>
    </Dialog>
</core:FragmentDefinition>