<!-- 
*******************************************************************
1. Module(Sub) : common
2. Parent Class : sap/ui/core/FragmentDefinition
3. Implementation Class : common.lib.fragment.VariantPopover
4. Description : Create VariantPopover
*******************************************************************
                        Modification LOG
*******************************************************************
No.    CSR/PJT No.    Date          Authors        Description
****   ***********    **********    ***********    ****************
001    LGE NEXT ERP   2023.05.29    VinhNT         Create VariantPopover
*******************************************************************
Comment:

    No.001 Create VariantPopover
*******************************************************************   
 -->
<core:FragmentDefinition
	xmlns="sap.m"
	xmlns:core="sap.ui.core"
	xmlns:l="sap.ui.layout"
	xmlns:common="common.lib.control.ui.comp">
	<Popover
		id="myPopover"
		title="My Pre-contents"
		placement="Bottom"
		contentWidth="350px"
		contentHeight="250px">
		<Page
			showHeader="false"
			id="master"
			class="sapUiResponsivePadding">
				<SelectList
					id="listPrecontents"
					items="{/data}" itemPress="onSelectedVariantItem">
					<core:Item key="{Uuid}" text="{VariantName}"/>
				</SelectList>
			<footer>
				<OverflowToolbar>
					<ToolbarSpacer/>
					<common:PrecontentPopover
						type="Emphasized"
						text="Save"
						idControl="{/idControl}"
						uuid="{/uuid}"
						visible="{/visibleSave}"
						variantId="{/variantId}"
						press="onSave">
					</common:PrecontentPopover>
					<common:PrecontentPopover
						type="{/typeSaveAs}"
						text="Save As"
						idControl="{/idControl}"
						uuid="{/uuid}"
						visible="{/visibleSaveAs}"
						variantId="{/variantId}">
					</common:PrecontentPopover>
					<common:PrecontentsManagement 
						idControl="{/idControl}"
						variantId="{/variantId}">
					</common:PrecontentsManagement>
				</OverflowToolbar>
			</footer>
		</Page>
	</Popover>
</core:FragmentDefinition>