<?xml version="1.0" encoding="utf-8"?>
<edmx:Edmx Version="1.0" xmlns:edmx="http://schemas.microsoft.com/ado/2007/06/edmx" xmlns:m="http://schemas.microsoft.com/ado/2007/08/dataservices/metadata" xmlns:sap="http://www.sap.com/Protocols/SAPData">
    <edmx:DataServices m:DataServiceVersion="2.0">
        <Schema Namespace="ZGWCAA00200_SRV" xml:lang="en" sap:schema-version="1" xmlns="http://schemas.microsoft.com/ado/2008/09/edm">
            <Annotation Term="Core.SchemaVersion" String="1.0.0" xmlns="http://docs.oasis-open.org/odata/ns/edm"/>
            <EntityType Name="Tree" sap:content-version="1">
                <Key>
                    <PropertyRef Name="NodeId"/>
                </Key>
                <Property Name="NodeId" Type="Edm.String" Nullable="false" MaxLength="32" sap:unicode="false" sap:label="Node ID" sap:creatable="false" sap:updatable="false" sap:sortable="false" sap:filterable="false"/>
                <Property Name="JsonData" Type="Edm.String" Nullable="false" sap:unicode="false" sap:label="Data" sap:creatable="false" sap:updatable="false" sap:sortable="false" sap:filterable="false"/>
            </EntityType>
            <EntityContainer Name="ZGWCAA00200_SRV_Entities" m:IsDefaultEntityContainer="true" sap:supported-formats="atom json xlsx">
                <EntitySet Name="TreeSet" EntityType="ZGWCAA00200_SRV.Tree" sap:creatable="false" sap:updatable="false" sap:deletable="false" sap:pageable="false" sap:addressable="false" sap:content-version="1"/>
            </EntityContainer>
            <atom:link rel="self" href="http://vhhmeephap01t.hec.hmckmc.co.kr:8000/sap/opu/odata/sap/ZGWCAA00200_SRV/$metadata" xmlns:atom="http://www.w3.org/2005/Atom"/>
            <atom:link rel="latest-version" href="http://vhhmeephap01t.hec.hmckmc.co.kr:8000/sap/opu/odata/sap/ZGWCAA00200_SRV/$metadata" xmlns:atom="http://www.w3.org/2005/Atom"/>
        </Schema>
    </edmx:DataServices>
</edmx:Edmx>